iter	Logloss
0	0.460405264
1	0.3217596752
2	0.288483454
3	0.2530709135
4	0.2451356833
